{
    "image": {
        "id": 4,
        "license": 1,
        "file_name": "-PDF_15_jpg.rf.252ab28ae3e0eda889da15da86d46816.jpg",
        "height": 640,
        "width": 640,
        "date_captured": "2025-04-02T06:21:51+00:00",
        "extra": {
            "name": "-PDF_15.jpg"
        }
    },
    "annotations": [
        {
            "id": 1759,
            "image_id": 4,
            "category_id": 29,
            "bbox": [
                85,
                39,
                14.425,
                16.03
            ],
            "area": 231.237,
            "segmentation": [
                [
                    99.277,
                    39.092,
                    84.852,
                    39.092,
                    84.852,
                    55.122,
                    99.277,
                    55.122,
                    99.277,
                    39.092
                ]
            ],
            "iscrowd": 0
        },
        {
            "id": 1760,
            "image_id": 4,
            "category_id": 37,
            "bbox": [
                102,
                39,
                14.874,
                16.125
            ],
            "area": 239.851,
            "segmentation": [
                [
                    117.004,
                    38.852,
                    102.13,
                    38.852,
                    102.13,
                    54.977,
                    117.004,
                    54.977,
                    117.004,
                    38.852
                ]
            ],
            "iscrowd": 0
        },
        {
            "id": 1761,
            "image_id": 4,
            "category_id": 4,
            "bbox": [
                121,
                38,
                15.602,
                16.315
            ],
            "area": 254.555,
            "segmentation": [
                [
                    136.176,
                    38.369,
                    120.573,
                    38.369,
                    120.573,
                    54.684,
                    136.176,
                    54.684,
                    136.176,
                    38.369
                ]
            ],
            "iscrowd": 0
        },
        {
            "id": 1762,
            "image_id": 4,
            "category_id": 63,
            "bbox": [
                139,
                39,
                15.247,
                16.22
            ],
            "area": 247.315,
            "segmentation": [
                [
                    154.315,
                    38.611,
                    139.068,
                    38.611,
                    139.068,
                    54.831,
                    154.315,
                    54.831,
                    154.315,
                    38.611
                ]
            ],
            "iscrowd": 0
        },
        {
            "id": 1763,
            "image_id": 4,
            "category_id": 37,
            "bbox": [
                157,
                39,
                14.594,
                15.49
            ],
            "area": 226.071,
            "segmentation": [
                [
                    171.837,
                    38.611,
                    157.243,
                    38.611,
                    157.243,
                    54.101,
                    171.837,
                    54.101,
                    171.837,
                    38.611
                ]
            ],
            "iscrowd": 0
        },
        {
            "id": 1764,
            "image_id": 4,
            "category_id": 52,
            "bbox": [
                175,
                38,
                16.013,
                16.46
            ],
            "area": 263.577,
            "segmentation": [
                [
                    191.421,
                    38.37,
                    175.408,
                    38.37,
                    175.408,
                    54.83,
                    191.421,
                    54.83,
                    191.421,
                    38.37
                ]
            ],
            "iscrowd": 0
        },
        {
            "id": 1765,
            "image_id": 4,
            "category_id": 50,
            "bbox": [
                83,
                61,
                16.404,
                16.658
            ],
            "area": 273.251,
            "segmentation": [
                [
                    99.894,
                    60.513,
                    83.49,
                    60.513,
                    83.49,
                    77.171,
                    99.894,
                    77.171,
                    99.894,
                    60.513
                ]
            ],
            "iscrowd": 0
        },
        {
            "id": 1766,
            "image_id": 4,
            "category_id": 34,
            "bbox": [
                102,
                61,
                15.296,
                16.213
            ],
            "area": 247.999,
            "segmentation": [
                [
                    117.416,
                    60.52,
                    102.12,
                    60.52,
                    102.12,
                    76.733,
                    117.416,
                    76.733,
                    117.416,
                    60.52
                ]
            ],
            "iscrowd": 0
        },
        {
            "id": 1767,
            "image_id": 4,
            "category_id": 56,
            "bbox": [
                120,
                61,
                16.56,
                16.511
            ],
            "area": 273.433,
            "segmentation": [
                [
                    136.793,
                    60.513,
                    120.232,
                    60.513,
                    120.232,
                    77.025,
                    136.793,
                    77.025,
                    136.793,
                    60.513
                ]
            ],
            "iscrowd": 0
        },
        {
            "id": 1768,
            "image_id": 4,
            "category_id": 50,
            "bbox": [
                174,
                60,
                17.301,
                16.606
            ],
            "area": 287.31,
            "segmentation": [
                [
                    191.626,
                    60.272,
                    174.325,
                    60.272,
                    174.325,
                    76.879,
                    191.626,
                    76.879,
                    191.626,
                    60.272
                ]
            ],
            "iscrowd": 0
        },
        {
            "id": 1769,
            "image_id": 4,
            "category_id": 61,
            "bbox": [
                194,
                60,
                15.298,
                16.701
            ],
            "area": 255.494,
            "segmentation": [
                [
                    209.355,
                    60.032,
                    194.057,
                    60.032,
                    194.057,
                    76.733,
                    209.355,
                    76.733,
                    209.355,
                    60.032
                ]
            ],
            "iscrowd": 0
        },
        {
            "id": 1770,
            "image_id": 4,
            "category_id": 1,
            "bbox": [
                211,
                60,
                15.531,
                16.949
            ],
            "area": 263.24,
            "segmentation": [
                [
                    226.877,
                    60.221,
                    211.346,
                    60.221,
                    211.346,
                    77.17,
                    226.877,
                    77.17,
                    226.877,
                    60.221
                ]
            ],
            "iscrowd": 0
        },
        {
            "id": 1771,
            "image_id": 4,
            "category_id": 2,
            "bbox": [
                230,
                60,
                15.929,
                17.051
            ],
            "area": 271.608,
            "segmentation": [
                [
                    245.841,
                    59.974,
                    229.912,
                    59.974,
                    229.912,
                    77.025,
                    245.841,
                    77.025,
                    245.841,
                    59.974
                ]
            ],
            "iscrowd": 0
        },
        {
            "id": 1772,
            "image_id": 4,
            "category_id": 45,
            "bbox": [
                248,
                60,
                16.039,
                17.088
            ],
            "area": 274.064,
            "segmentation": [
                [
                    264.188,
                    59.791,
                    248.15,
                    59.791,
                    248.15,
                    76.879,
                    264.188,
                    76.879,
                    264.188,
                    59.791
                ]
            ],
            "iscrowd": 0
        },
        {
            "id": 1773,
            "image_id": 4,
            "category_id": 50,
            "bbox": [
                303,
                60,
                16.377,
                16.942
            ],
            "area": 277.451,
            "segmentation": [
                [
                    319.639,
                    59.791,
                    303.262,
                    59.791,
                    303.262,
                    76.733,
                    319.639,
                    76.733,
                    319.639,
                    59.791
                ]
            ],
            "iscrowd": 0
        },
        {
            "id": 1774,
            "image_id": 4,
            "category_id": 36,
            "bbox": [
                321,
                59,
                15.188,
                17.81
            ],
            "area": 270.5,
            "segmentation": [
                [
                    336.337,
                    59.068,
                    321.149,
                    59.068,
                    321.149,
                    76.879,
                    336.337,
                    76.879,
                    336.337,
                    59.068
                ]
            ],
            "iscrowd": 0
        },
        {
            "id": 1775,
            "image_id": 4,
            "category_id": 50,
            "bbox": [
                376,
                59,
                15.722,
                17.955
            ],
            "area": 282.301,
            "segmentation": [
                [
                    391.789,
                    59.069,
                    376.066,
                    59.069,
                    376.066,
                    77.024,
                    391.789,
                    77.024,
                    391.789,
                    59.069
                ]
            ],
            "iscrowd": 0
        },
        {
            "id": 1776,
            "image_id": 4,
            "category_id": 56,
            "bbox": [
                47,
                104,
                15.773,
                16.677
            ],
            "area": 263.039,
            "segmentation": [
                [
                    62.583,
                    104.033,
                    46.81,
                    104.033,
                    46.81,
                    120.71,
                    62.583,
                    120.71,
                    62.583,
                    104.033
                ]
            ],
            "iscrowd": 0
        },
        {
            "id": 1777,
            "image_id": 4,
            "category_id": 14,
            "bbox": [
                65,
                104,
                15.944,
                16.725
            ],
            "area": 266.673,
            "segmentation": [
                [
                    80.724,
                    104.078,
                    64.78,
                    104.078,
                    64.78,
                    120.803,
                    80.724,
                    120.803,
                    80.724,
                    104.078
                ]
            ],
            "iscrowd": 0
        },
        {
            "id": 1778,
            "image_id": 4,
            "category_id": 37,
            "bbox": [
                84,
                104,
                16.342,
                16.434
            ],
            "area": 268.562,
            "segmentation": [
                [
                    99.894,
                    104.077,
                    83.552,
                    104.077,
                    83.552,
                    120.511,
                    99.894,
                    120.511,
                    99.894,
                    104.077
                ]
            ],
            "iscrowd": 0
        },
        {
            "id": 1779,
            "image_id": 4,
            "category_id": 4,
            "bbox": [
                102,
                104,
                16.318,
                16.675
            ],
            "area": 272.093,
            "segmentation": [
                [
                    118.241,
                    103.837,
                    101.923,
                    103.837,
                    101.923,
                    120.512,
                    118.241,
                    120.512,
                    118.241,
                    103.837
                ]
            ],
            "iscrowd": 0
        },
        {
            "id": 1780,
            "image_id": 4,
            "category_id": 14,
            "bbox": [
                120,
                104,
                15.046,
                16.339
            ],
            "area": 245.835,
            "segmentation": [
                [
                    134.938,
                    104.318,
                    119.892,
                    104.318,
                    119.892,
                    120.657,
                    134.938,
                    120.657,
                    134.938,
                    104.318
                ]
            ],
            "iscrowd": 0
        },
        {
            "id": 1781,
            "image_id": 4,
            "category_id": 37,
            "bbox": [
                138,
                104,
                16.258,
                16.624
            ],
            "area": 270.272,
            "segmentation": [
                [
                    154.521,
                    103.596,
                    138.263,
                    103.596,
                    138.263,
                    120.22,
                    154.521,
                    120.22,
                    154.521,
                    103.596
                ]
            ],
            "iscrowd": 0
        },
        {
            "id": 1782,
            "image_id": 4,
            "category_id": 47,
            "bbox": [
                183,
                104,
                16.558,
                16.237
            ],
            "area": 268.839,
            "segmentation": [
                [
                    199.666,
                    103.837,
                    183.108,
                    103.837,
                    183.108,
                    120.074,
                    199.666,
                    120.074,
                    199.666,
                    103.837
                ]
            ],
            "iscrowd": 0
        },
        {
            "id": 1783,
            "image_id": 4,
            "category_id": 1,
            "bbox": [
                202,
                104,
                15.853,
                16.383
            ],
            "area": 259.712,
            "segmentation": [
                [
                    217.394,
                    103.837,
                    201.541,
                    103.837,
                    201.541,
                    120.22,
                    217.394,
                    120.22,
                    217.394,
                    103.837
                ]
            ],
            "iscrowd": 0
        },
        {
            "id": 1784,
            "image_id": 4,
            "category_id": 59,
            "bbox": [
                230,
                103,
                14.827,
                16.426
            ],
            "area": 243.549,
            "segmentation": [
                [
                    244.604,
                    103.356,
                    229.778,
                    103.356,
                    229.778,
                    119.782,
                    244.604,
                    119.782,
                    244.604,
                    103.356
                ]
            ],
            "iscrowd": 0
        },
        {
            "id": 1785,
            "image_id": 4,
            "category_id": 51,
            "bbox": [
                249,
                104,
                14.534,
                15.749
            ],
            "area": 228.888,
            "segmentation": [
                [
                    263.364,
                    103.596,
                    248.83,
                    103.596,
                    248.83,
                    119.345,
                    263.364,
                    119.345,
                    263.364,
                    103.596
                ]
            ],
            "iscrowd": 0
        },
        {
            "id": 1786,
            "image_id": 4,
            "category_id": 18,
            "bbox": [
                265,
                104,
                16.55,
                16.091
            ],
            "area": 266.31,
            "segmentation": [
                [
                    281.71,
                    103.837,
                    265.16,
                    103.837,
                    265.16,
                    119.928,
                    281.71,
                    119.928,
                    281.71,
                    103.837
                ]
            ],
            "iscrowd": 0
        },
        {
            "id": 1787,
            "image_id": 4,
            "category_id": 1,
            "bbox": [
                285,
                104,
                14.743,
                15.559
            ],
            "area": 229.381,
            "segmentation": [
                [
                    299.438,
                    103.932,
                    284.695,
                    103.932,
                    284.695,
                    119.491,
                    299.438,
                    119.491,
                    299.438,
                    103.932
                ]
            ],
            "iscrowd": 0
        },
        {
            "id": 1788,
            "image_id": 4,
            "category_id": 4,
            "bbox": [
                303,
                104,
                16.852,
                16.04
            ],
            "area": 270.308,
            "segmentation": [
                [
                    319.434,
                    103.596,
                    302.582,
                    103.596,
                    302.582,
                    119.637,
                    319.434,
                    119.637,
                    319.434,
                    103.596
                ]
            ],
            "iscrowd": 0
        },
        {
            "id": 1789,
            "image_id": 4,
            "category_id": 48,
            "bbox": [
                320,
                104,
                16.971,
                16.332
            ],
            "area": 277.157,
            "segmentation": [
                [
                    337.161,
                    103.742,
                    320.19,
                    103.742,
                    320.19,
                    120.074,
                    337.161,
                    120.074,
                    337.161,
                    103.742
                ]
            ],
            "iscrowd": 0
        },
        {
            "id": 1790,
            "image_id": 4,
            "category_id": 37,
            "bbox": [
                339,
                104,
                15.916,
                16.04
            ],
            "area": 255.297,
            "segmentation": [
                [
                    354.89,
                    103.596,
                    338.974,
                    103.596,
                    338.974,
                    119.637,
                    354.89,
                    119.637,
                    354.89,
                    103.596
                ]
            ],
            "iscrowd": 0
        },
        {
            "id": 1791,
            "image_id": 4,
            "category_id": 62,
            "bbox": [
                357,
                104,
                15.675,
                16.478
            ],
            "area": 258.282,
            "segmentation": [
                [
                    372.411,
                    103.596,
                    356.737,
                    103.596,
                    356.737,
                    120.074,
                    372.411,
                    120.074,
                    372.411,
                    103.596
                ]
            ],
            "iscrowd": 0
        },
        {
            "id": 1792,
            "image_id": 4,
            "category_id": 25,
            "bbox": [
                375,
                103,
                15.919,
                16.573
            ],
            "area": 263.814,
            "segmentation": [
                [
                    390.964,
                    103.356,
                    375.045,
                    103.356,
                    375.045,
                    119.928,
                    390.964,
                    119.928,
                    390.964,
                    103.356
                ]
            ],
            "iscrowd": 0
        },
        {
            "id": 1793,
            "image_id": 4,
            "category_id": 5,
            "bbox": [
                156,
                125,
                16.161,
                17.329
            ],
            "area": 280.056,
            "segmentation": [
                [
                    172.455,
                    125.258,
                    156.294,
                    125.258,
                    156.294,
                    142.587,
                    172.455,
                    142.587,
                    172.455,
                    125.258
                ]
            ],
            "iscrowd": 0
        },
        {
            "id": 1794,
            "image_id": 4,
            "category_id": 43,
            "bbox": [
                174,
                126,
                17.105,
                17.139
            ],
            "area": 293.159,
            "segmentation": [
                [
                    191.42,
                    125.593,
                    174.315,
                    125.593,
                    174.315,
                    142.732,
                    191.42,
                    142.732,
                    191.42,
                    125.593
                ]
            ],
            "iscrowd": 0
        },
        {
            "id": 1795,
            "image_id": 4,
            "category_id": 36,
            "bbox": [
                192,
                125,
                15.639,
                17.569
            ],
            "area": 274.753,
            "segmentation": [
                [
                    208.118,
                    125.455,
                    192.48,
                    125.455,
                    192.48,
                    143.024,
                    208.118,
                    143.024,
                    208.118,
                    125.455
                ]
            ],
            "iscrowd": 0
        },
        {
            "id": 1796,
            "image_id": 4,
            "category_id": 38,
            "bbox": [
                211,
                125,
                15.943,
                17.861
            ],
            "area": 284.765,
            "segmentation": [
                [
                    226.67,
                    125.017,
                    210.727,
                    125.017,
                    210.727,
                    142.879,
                    226.67,
                    142.879,
                    226.67,
                    125.017
                ]
            ],
            "iscrowd": 0
        },
        {
            "id": 1797,
            "image_id": 4,
            "category_id": 36,
            "bbox": [
                229,
                126,
                15.929,
                16.985
            ],
            "area": 270.56,
            "segmentation": [
                [
                    244.811,
                    125.747,
                    228.882,
                    125.747,
                    228.882,
                    142.732,
                    244.811,
                    142.732,
                    244.811,
                    125.747
                ]
            ],
            "iscrowd": 0
        },
        {
            "id": 1798,
            "image_id": 4,
            "category_id": 25,
            "bbox": [
                266,
                125,
                15.663,
                16.796
            ],
            "area": 263.083,
            "segmentation": [
                [
                    281.503,
                    125.499,
                    265.84,
                    125.499,
                    265.84,
                    142.295,
                    281.503,
                    142.295,
                    281.503,
                    125.499
                ]
            ],
            "iscrowd": 0
        },
        {
            "id": 1799,
            "image_id": 4,
            "category_id": 1,
            "bbox": [
                284,
                125,
                15.227,
                17.278
            ],
            "area": 263.083,
            "segmentation": [
                [
                    299.232,
                    125.309,
                    284.005,
                    125.309,
                    284.005,
                    142.587,
                    299.232,
                    142.587,
                    299.232,
                    125.309
                ]
            ],
            "iscrowd": 0
        },
        {
            "id": 1800,
            "image_id": 4,
            "category_id": 49,
            "bbox": [
                302,
                125,
                15.748,
                16.504
            ],
            "area": 259.911,
            "segmentation": [
                [
                    317.99,
                    125.499,
                    302.242,
                    125.499,
                    302.242,
                    142.003,
                    317.99,
                    142.003,
                    317.99,
                    125.499
                ]
            ],
            "iscrowd": 0
        },
        {
            "id": 1801,
            "image_id": 4,
            "category_id": 51,
            "bbox": [
                321,
                125,
                16.342,
                16.985
            ],
            "area": 277.576,
            "segmentation": [
                [
                    336.955,
                    125.018,
                    320.613,
                    125.018,
                    320.613,
                    142.003,
                    336.955,
                    142.003,
                    336.955,
                    125.018
                ]
            ],
            "iscrowd": 0
        },
        {
            "id": 1802,
            "image_id": 4,
            "category_id": 18,
            "bbox": [
                357,
                125,
                15.397,
                16.403
            ],
            "area": 252.556,
            "segmentation": [
                [
                    372.412,
                    125.017,
                    357.015,
                    125.017,
                    357.015,
                    141.42,
                    372.412,
                    141.42,
                    372.412,
                    125.017
                ]
            ],
            "iscrowd": 0
        },
        {
            "id": 1803,
            "image_id": 4,
            "category_id": 37,
            "bbox": [
                376,
                125,
                15.65,
                16.016
            ],
            "area": 250.646,
            "segmentation": [
                [
                    391.376,
                    125.258,
                    375.726,
                    125.258,
                    375.726,
                    141.274,
                    391.376,
                    141.274,
                    391.376,
                    125.258
                ]
            ],
            "iscrowd": 0
        },
        {
            "id": 1804,
            "image_id": 4,
            "category_id": 20,
            "bbox": [
                83,
                170,
                16.816,
                16.779
            ],
            "area": 282.152,
            "segmentation": [
                [
                    100.307,
                    169.785,
                    83.491,
                    169.785,
                    83.491,
                    186.564,
                    100.307,
                    186.564,
                    100.307,
                    169.785
                ]
            ],
            "iscrowd": 0
        },
        {
            "id": 1805,
            "image_id": 4,
            "category_id": 1,
            "bbox": [
                102,
                170,
                15.071,
                16.342
            ],
            "area": 246.277,
            "segmentation": [
                [
                    116.592,
                    169.784,
                    101.522,
                    169.784,
                    101.522,
                    186.126,
                    116.592,
                    186.126,
                    116.592,
                    169.784
                ]
            ],
            "iscrowd": 0
        },
        {
            "id": 1806,
            "image_id": 4,
            "category_id": 20,
            "bbox": [
                156,
                170,
                15.75,
                16.342
            ],
            "area": 257.373,
            "segmentation": [
                [
                    172.044,
                    169.784,
                    156.295,
                    169.784,
                    156.295,
                    186.126,
                    172.044,
                    186.126,
                    172.044,
                    169.784
                ]
            ],
            "iscrowd": 0
        },
        {
            "id": 1807,
            "image_id": 4,
            "category_id": 12,
            "bbox": [
                175,
                169,
                14.9,
                16.532
            ],
            "area": 246.323,
            "segmentation": [
                [
                    189.565,
                    169.303,
                    174.665,
                    169.303,
                    174.665,
                    185.835,
                    189.565,
                    185.835,
                    189.565,
                    169.303
                ]
            ],
            "iscrowd": 0
        },
        {
            "id": 1808,
            "image_id": 4,
            "category_id": 20,
            "bbox": [
                229,
                169,
                16.403,
                17.114
            ],
            "area": 280.719,
            "segmentation": [
                [
                    245.842,
                    169.304,
                    229.439,
                    169.304,
                    229.439,
                    186.418,
                    245.842,
                    186.418,
                    245.842,
                    169.304
                ]
            ],
            "iscrowd": 0
        },
        {
            "id": 1809,
            "image_id": 4,
            "category_id": 23,
            "bbox": [
                248,
                169,
                15.555,
                16.969
            ],
            "area": 263.946,
            "segmentation": [
                [
                    263.364,
                    169.304,
                    247.81,
                    169.304,
                    247.81,
                    186.273,
                    263.364,
                    186.273,
                    263.364,
                    169.304
                ]
            ],
            "iscrowd": 0
        },
        {
            "id": 1810,
            "image_id": 4,
            "category_id": 20,
            "bbox": [
                302,
                169,
                15.614,
                16.823
            ],
            "area": 262.672,
            "segmentation": [
                [
                    317.578,
                    169.304,
                    301.964,
                    169.304,
                    301.964,
                    186.126,
                    317.578,
                    186.126,
                    317.578,
                    169.304
                ]
            ],
            "iscrowd": 0
        },
        {
            "id": 1811,
            "image_id": 4,
            "category_id": 34,
            "bbox": [
                321,
                170,
                15.724,
                16.29
            ],
            "area": 256.147,
            "segmentation": [
                [
                    336.336,
                    169.544,
                    320.613,
                    169.544,
                    320.613,
                    185.835,
                    336.336,
                    185.835,
                    336.336,
                    169.544
                ]
            ],
            "iscrowd": 0
        },
        {
            "id": 1812,
            "image_id": 4,
            "category_id": 20,
            "bbox": [
                376,
                169,
                16.063,
                16.626
            ],
            "area": 267.061,
            "segmentation": [
                [
                    391.789,
                    169.063,
                    375.726,
                    169.063,
                    375.726,
                    185.689,
                    391.789,
                    185.689,
                    391.789,
                    169.063
                ]
            ],
            "iscrowd": 0
        },
        {
            "id": 1813,
            "image_id": 4,
            "category_id": 20,
            "bbox": [
                47,
                191,
                15.701,
                16.118
            ],
            "area": 253.058,
            "segmentation": [
                [
                    62.789,
                    191.447,
                    47.088,
                    191.447,
                    47.088,
                    207.565,
                    62.789,
                    207.565,
                    62.789,
                    191.447
                ]
            ],
            "iscrowd": 0
        },
        {
            "id": 1814,
            "image_id": 4,
            "category_id": 20,
            "bbox": [
                47,
                214,
                14.948,
                16.244
            ],
            "area": 242.812,
            "segmentation": [
                [
                    61.964,
                    214.072,
                    47.016,
                    214.072,
                    47.016,
                    230.316,
                    61.964,
                    230.316,
                    61.964,
                    214.072
                ]
            ],
            "iscrowd": 0
        },
        {
            "id": 1815,
            "image_id": 4,
            "category_id": 20,
            "bbox": [
                46,
                235,
                16.793,
                17.282
            ],
            "area": 290.213,
            "segmentation": [
                [
                    62.789,
                    235.492,
                    45.996,
                    235.492,
                    45.996,
                    252.774,
                    62.789,
                    252.774,
                    62.789,
                    235.492
                ]
            ],
            "iscrowd": 0
        },
        {
            "id": 1816,
            "image_id": 4,
            "category_id": 20,
            "bbox": [
                119,
                192,
                16.684,
                16.315
            ],
            "area": 272.203,
            "segmentation": [
                [
                    135.556,
                    191.687,
                    118.872,
                    191.687,
                    118.872,
                    208.002,
                    135.556,
                    208.002,
                    135.556,
                    191.687
                ]
            ],
            "iscrowd": 0
        },
        {
            "id": 1817,
            "image_id": 4,
            "category_id": 20,
            "bbox": [
                120,
                213,
                15.592,
                17.301
            ],
            "area": 269.765,
            "segmentation": [
                [
                    135.144,
                    212.868,
                    119.552,
                    212.868,
                    119.552,
                    230.169,
                    135.144,
                    230.169,
                    135.144,
                    212.868
                ]
            ],
            "iscrowd": 0
        },
        {
            "id": 1818,
            "image_id": 4,
            "category_id": 20,
            "bbox": [
                119,
                235,
                16.551,
                16.407
            ],
            "area": 271.56,
            "segmentation": [
                [
                    135.763,
                    235.492,
                    119.212,
                    235.492,
                    119.212,
                    251.9,
                    135.763,
                    251.9,
                    135.763,
                    235.492
                ]
            ],
            "iscrowd": 0
        },
        {
            "id": 1819,
            "image_id": 4,
            "category_id": 20,
            "bbox": [
                193,
                191,
                16.453,
                16.891
            ],
            "area": 277.914,
            "segmentation": [
                [
                    209.149,
                    190.965,
                    192.696,
                    190.965,
                    192.696,
                    207.857,
                    209.149,
                    207.857,
                    209.149,
                    190.965
                ]
            ],
            "iscrowd": 0
        },
        {
            "id": 1820,
            "image_id": 4,
            "category_id": 20,
            "bbox": [
                193,
                213,
                15.772,
                16.478
            ],
            "area": 259.877,
            "segmentation": [
                [
                    208.531,
                    213.108,
                    192.759,
                    213.108,
                    192.759,
                    229.586,
                    208.531,
                    229.586,
                    208.531,
                    213.108
                ]
            ],
            "iscrowd": 0
        },
        {
            "id": 1821,
            "image_id": 4,
            "category_id": 20,
            "bbox": [
                192,
                235,
                16.04,
                16.794
            ],
            "area": 269.37,
            "segmentation": [
                [
                    208.117,
                    235.106,
                    192.077,
                    235.106,
                    192.077,
                    251.9,
                    208.117,
                    251.9,
                    208.117,
                    235.106
                ]
            ],
            "iscrowd": 0
        },
        {
            "id": 1822,
            "image_id": 4,
            "category_id": 62,
            "bbox": [
                65,
                191,
                15.944,
                16.796
            ],
            "area": 267.809,
            "segmentation": [
                [
                    80.724,
                    191.205,
                    64.78,
                    191.205,
                    64.78,
                    208.002,
                    80.724,
                    208.002,
                    80.724,
                    191.205
                ]
            ],
            "iscrowd": 0
        },
        {
            "id": 1823,
            "image_id": 4,
            "category_id": 8,
            "bbox": [
                64,
                213,
                17.243,
                16.536
            ],
            "area": 285.133,
            "segmentation": [
                [
                    81.548,
                    213.342,
                    64.305,
                    213.342,
                    64.305,
                    229.878,
                    81.548,
                    229.878,
                    81.548,
                    213.342
                ]
            ],
            "iscrowd": 0
        },
        {
            "id": 1824,
            "image_id": 4,
            "category_id": 16,
            "bbox": [
                64,
                236,
                16.346,
                16.166
            ],
            "area": 264.252,
            "segmentation": [
                [
                    80.105,
                    235.733,
                    63.759,
                    235.733,
                    63.759,
                    251.9,
                    80.105,
                    251.9,
                    80.105,
                    235.733
                ]
            ],
            "iscrowd": 0
        },
        {
            "id": 1825,
            "image_id": 4,
            "category_id": 63,
            "bbox": [
                138,
                192,
                15.227,
                16.023
            ],
            "area": 243.976,
            "segmentation": [
                [
                    153.49,
                    191.687,
                    138.263,
                    191.687,
                    138.263,
                    207.71,
                    153.49,
                    207.71,
                    153.49,
                    191.687
                ]
            ],
            "iscrowd": 0
        },
        {
            "id": 1826,
            "image_id": 4,
            "category_id": 9,
            "bbox": [
                138,
                213,
                16.732,
                16.675
            ],
            "area": 279.003,
            "segmentation": [
                [
                    154.315,
                    213.349,
                    137.583,
                    213.349,
                    137.583,
                    230.024,
                    154.315,
                    230.024,
                    154.315,
                    213.349
                ]
            ],
            "iscrowd": 0
        },
        {
            "id": 1827,
            "image_id": 4,
            "category_id": 17,
            "bbox": [
                137,
                235,
                15.702,
                17.085
            ],
            "area": 268.264,
            "segmentation": [
                [
                    152.667,
                    235.252,
                    136.965,
                    235.252,
                    136.965,
                    252.337,
                    152.667,
                    252.337,
                    152.667,
                    235.252
                ]
            ],
            "iscrowd": 0
        },
        {
            "id": 1828,
            "image_id": 4,
            "category_id": 2,
            "bbox": [
                211,
                191,
                14.985,
                16.504
            ],
            "area": 247.321,
            "segmentation": [
                [
                    226.052,
                    191.206,
                    211.066,
                    191.206,
                    211.066,
                    207.711,
                    226.052,
                    207.711,
                    226.052,
                    191.206
                ]
            ],
            "iscrowd": 0
        },
        {
            "id": 1829,
            "image_id": 4,
            "category_id": 10,
            "bbox": [
                211,
                213,
                15.325,
                16.383
            ],
            "area": 251.062,
            "segmentation": [
                [
                    226.052,
                    213.349,
                    210.728,
                    213.349,
                    210.728,
                    229.732,
                    226.052,
                    229.732,
                    226.052,
                    213.349
                ]
            ],
            "iscrowd": 0
        },
        {
            "id": 1830,
            "image_id": 4,
            "category_id": 18,
            "bbox": [
                211,
                235,
                15.118,
                16.115
            ],
            "area": 243.633,
            "segmentation": [
                [
                    225.639,
                    235.201,
                    210.521,
                    235.201,
                    210.521,
                    251.316,
                    225.639,
                    251.316,
                    225.639,
                    235.201
                ]
            ],
            "iscrowd": 0
        },
        {
            "id": 1831,
            "image_id": 4,
            "category_id": 20,
            "bbox": [
                266,
                191,
                15.117,
                16.365
            ],
            "area": 247.395,
            "segmentation": [
                [
                    281.091,
                    191.345,
                    265.974,
                    191.345,
                    265.974,
                    207.711,
                    281.091,
                    207.711,
                    281.091,
                    191.345
                ]
            ],
            "iscrowd": 0
        },
        {
            "id": 1832,
            "image_id": 4,
            "category_id": 20,
            "bbox": [
                266,
                213,
                15.53,
                16.332
            ],
            "area": 253.63,
            "segmentation": [
                [
                    281.297,
                    213.109,
                    265.767,
                    213.109,
                    265.767,
                    229.441,
                    281.297,
                    229.441,
                    281.297,
                    213.109
                ]
            ],
            "iscrowd": 0
        },
        {
            "id": 1833,
            "image_id": 4,
            "category_id": 20,
            "bbox": [
                339,
                190,
                15.081,
                17.226
            ],
            "area": 259.791,
            "segmentation": [
                [
                    354.065,
                    190.484,
                    338.984,
                    190.484,
                    338.984,
                    207.71,
                    354.065,
                    207.71,
                    354.065,
                    190.484
                ]
            ],
            "iscrowd": 0
        },
        {
            "id": 1834,
            "image_id": 4,
            "category_id": 20,
            "bbox": [
                338,
                213,
                16.174,
                16.769
            ],
            "area": 271.225,
            "segmentation": [
                [
                    354.477,
                    213.109,
                    338.303,
                    213.109,
                    338.303,
                    229.878,
                    354.477,
                    229.878,
                    354.477,
                    213.109
                ]
            ],
            "iscrowd": 0
        },
        {
            "id": 1835,
            "image_id": 4,
            "category_id": 3,
            "bbox": [
                285,
                191,
                15.711,
                16.067
            ],
            "area": 252.421,
            "segmentation": [
                [
                    300.262,
                    191.206,
                    284.552,
                    191.206,
                    284.552,
                    207.273,
                    300.262,
                    207.273,
                    300.262,
                    191.206
                ]
            ],
            "iscrowd": 0
        },
        {
            "id": 1836,
            "image_id": 4,
            "category_id": 11,
            "bbox": [
                284,
                213,
                15.495,
                16.332
            ],
            "area": 253.061,
            "segmentation": [
                [
                    299.645,
                    213.109,
                    284.149,
                    213.109,
                    284.149,
                    229.441,
                    299.645,
                    229.441,
                    299.645,
                    213.109
                ]
            ],
            "iscrowd": 0
        },
        {
            "id": 1837,
            "image_id": 4,
            "category_id": 4,
            "bbox": [
                358,
                191,
                15.406,
                16.789
            ],
            "area": 258.656,
            "segmentation": [
                [
                    373.442,
                    190.921,
                    358.035,
                    190.921,
                    358.035,
                    207.711,
                    373.442,
                    207.711,
                    373.442,
                    190.921
                ]
            ],
            "iscrowd": 0
        },
        {
            "id": 1838,
            "image_id": 4,
            "category_id": 13,
            "bbox": [
                357,
                213,
                15.943,
                16.332
            ],
            "area": 260.377,
            "segmentation": [
                [
                    373.03,
                    213.109,
                    357.087,
                    213.109,
                    357.087,
                    229.441,
                    373.03,
                    229.441,
                    373.03,
                    213.109
                ]
            ],
            "iscrowd": 0
        },
        {
            "id": 1839,
            "image_id": 4,
            "category_id": 38,
            "bbox": [
                394,
                59,
                15.448,
                17.332
            ],
            "area": 267.729,
            "segmentation": [
                [
                    409.885,
                    59.069,
                    394.437,
                    59.069,
                    394.437,
                    76.401,
                    409.885,
                    76.401,
                    409.885,
                    59.069
                ]
            ],
            "iscrowd": 0
        },
        {
            "id": 1840,
            "image_id": 4,
            "category_id": 37,
            "bbox": [
                394,
                103,
                16.675,
                16.651
            ],
            "area": 277.66,
            "segmentation": [
                [
                    410.298,
                    103.21,
                    393.623,
                    103.21,
                    393.623,
                    119.861,
                    410.298,
                    119.861,
                    410.298,
                    103.21
                ]
            ],
            "iscrowd": 0
        },
        {
            "id": 1841,
            "image_id": 4,
            "category_id": 56,
            "bbox": [
                430,
                103,
                15.595,
                16.258
            ],
            "area": 253.531,
            "segmentation": [
                [
                    445.753,
                    102.874,
                    430.159,
                    102.874,
                    430.159,
                    119.132,
                    445.753,
                    119.132,
                    445.753,
                    102.874
                ]
            ],
            "iscrowd": 0
        },
        {
            "id": 1842,
            "image_id": 4,
            "category_id": 14,
            "bbox": [
                448,
                103,
                15.014,
                16.79
            ],
            "area": 252.081,
            "segmentation": [
                [
                    462.863,
                    102.633,
                    447.85,
                    102.633,
                    447.85,
                    119.423,
                    462.863,
                    119.423,
                    462.863,
                    102.633
                ]
            ],
            "iscrowd": 0
        },
        {
            "id": 1843,
            "image_id": 4,
            "category_id": 37,
            "bbox": [
                467,
                103,
                16.164,
                16.936
            ],
            "area": 273.754,
            "segmentation": [
                [
                    483.064,
                    102.633,
                    466.901,
                    102.633,
                    466.901,
                    119.569,
                    483.064,
                    119.569,
                    483.064,
                    102.633
                ]
            ],
            "iscrowd": 0
        },
        {
            "id": 1844,
            "image_id": 4,
            "category_id": 4,
            "bbox": [
                485,
                103,
                15.728,
                16.936
            ],
            "area": 266.364,
            "segmentation": [
                [
                    500.999,
                    102.633,
                    485.272,
                    102.633,
                    485.272,
                    119.569,
                    500.999,
                    119.569,
                    500.999,
                    102.633
                ]
            ],
            "iscrowd": 0
        },
        {
            "id": 1845,
            "image_id": 4,
            "category_id": 14,
            "bbox": [
                502,
                102,
                15.837,
                17.031
            ],
            "area": 269.727,
            "segmentation": [
                [
                    518.315,
                    102.392,
                    502.478,
                    102.392,
                    502.478,
                    119.423,
                    518.315,
                    119.423,
                    518.315,
                    102.392
                ]
            ],
            "iscrowd": 0
        },
        {
            "id": 1846,
            "image_id": 4,
            "category_id": 37,
            "bbox": [
                522,
                102,
                15.472,
                17.031
            ],
            "area": 263.505,
            "segmentation": [
                [
                    537.486,
                    102.392,
                    522.014,
                    102.392,
                    522.014,
                    119.423,
                    537.486,
                    119.423,
                    537.486,
                    102.392
                ]
            ],
            "iscrowd": 0
        },
        {
            "id": 1847,
            "image_id": 4,
            "category_id": 60,
            "bbox": [
                541,
                102,
                14.901,
                17.125
            ],
            "area": 255.19,
            "segmentation": [
                [
                    555.627,
                    102.153,
                    540.725,
                    102.153,
                    540.725,
                    119.278,
                    555.627,
                    119.278,
                    555.627,
                    102.153
                ]
            ],
            "iscrowd": 0
        },
        {
            "id": 1848,
            "image_id": 4,
            "category_id": 37,
            "bbox": [
                559,
                102,
                14.805,
                16.688
            ],
            "area": 247.056,
            "segmentation": [
                [
                    573.561,
                    102.152,
                    558.756,
                    102.152,
                    558.756,
                    118.84,
                    573.561,
                    118.84,
                    573.561,
                    102.152
                ]
            ],
            "iscrowd": 0
        },
        {
            "id": 1849,
            "image_id": 4,
            "category_id": 5,
            "bbox": [
                393,
                125,
                16.057,
                15.776
            ],
            "area": 253.316,
            "segmentation": [
                [
                    409.473,
                    125.258,
                    393.416,
                    125.258,
                    393.416,
                    141.034,
                    409.473,
                    141.034,
                    409.473,
                    125.258
                ]
            ],
            "iscrowd": 0
        },
        {
            "id": 1850,
            "image_id": 4,
            "category_id": 14,
            "bbox": [
                412,
                125,
                16.032,
                16.987
            ],
            "area": 272.344,
            "segmentation": [
                [
                    427.82,
                    124.777,
                    411.788,
                    124.777,
                    411.788,
                    141.764,
                    427.82,
                    141.764,
                    427.82,
                    124.777
                ]
            ],
            "iscrowd": 0
        },
        {
            "id": 1851,
            "image_id": 4,
            "category_id": 51,
            "bbox": [
                430,
                125,
                15.255,
                16.936
            ],
            "area": 258.363,
            "segmentation": [
                [
                    445.547,
                    124.827,
                    430.292,
                    124.827,
                    430.292,
                    141.763,
                    445.547,
                    141.763,
                    445.547,
                    124.827
                ]
            ],
            "iscrowd": 0
        },
        {
            "id": 1852,
            "image_id": 4,
            "category_id": 45,
            "bbox": [
                394,
                169,
                15.098,
                16.574
            ],
            "area": 250.222,
            "segmentation": [
                [
                    408.855,
                    168.822,
                    393.757,
                    168.822,
                    393.757,
                    185.395,
                    408.855,
                    185.395,
                    408.855,
                    168.822
                ]
            ],
            "iscrowd": 0
        },
        {
            "id": 1853,
            "image_id": 4,
            "category_id": 20,
            "bbox": [
                449,
                169,
                15.231,
                17.106
            ],
            "area": 260.535,
            "segmentation": [
                [
                    464.1,
                    168.581,
                    448.869,
                    168.581,
                    448.869,
                    185.687,
                    464.1,
                    185.687,
                    464.1,
                    168.581
                ]
            ],
            "iscrowd": 0
        },
        {
            "id": 1854,
            "image_id": 4,
            "category_id": 20,
            "bbox": [
                522,
                169,
                14.854,
                17.716
            ],
            "area": 263.148,
            "segmentation": [
                [
                    536.867,
                    168.581,
                    522.014,
                    168.581,
                    522.014,
                    186.297,
                    536.867,
                    186.297,
                    536.867,
                    168.581
                ]
            ],
            "iscrowd": 0
        },
        {
            "id": 1855,
            "image_id": 4,
            "category_id": 20,
            "bbox": [
                411,
                190,
                16.578,
                17.055
            ],
            "area": 282.739,
            "segmentation": [
                [
                    428.026,
                    190.243,
                    411.448,
                    190.243,
                    411.448,
                    207.298,
                    428.026,
                    207.298,
                    428.026,
                    190.243
                ]
            ],
            "iscrowd": 0
        },
        {
            "id": 1856,
            "image_id": 4,
            "category_id": 20,
            "bbox": [
                411,
                213,
                15.888,
                16.692
            ],
            "area": 265.201,
            "segmentation": [
                [
                    426.995,
                    212.627,
                    411.108,
                    212.627,
                    411.108,
                    229.32,
                    426.995,
                    229.32,
                    426.995,
                    212.627
                ]
            ],
            "iscrowd": 0
        },
        {
            "id": 1857,
            "image_id": 4,
            "category_id": 20,
            "bbox": [
                485,
                190,
                15.449,
                17.201
            ],
            "area": 265.734,
            "segmentation": [
                [
                    500.381,
                    190.243,
                    484.932,
                    190.243,
                    484.932,
                    207.444,
                    500.381,
                    207.444,
                    500.381,
                    190.243
                ]
            ],
            "iscrowd": 0
        },
        {
            "id": 1858,
            "image_id": 4,
            "category_id": 20,
            "bbox": [
                485,
                212,
                15.995,
                17.707
            ],
            "area": 283.218,
            "segmentation": [
                [
                    500.587,
                    211.905,
                    484.592,
                    211.905,
                    484.592,
                    229.611,
                    500.587,
                    229.611,
                    500.587,
                    211.905
                ]
            ],
            "iscrowd": 0
        },
        {
            "id": 1859,
            "image_id": 4,
            "category_id": 20,
            "bbox": [
                559,
                190,
                15.423,
                17.004
            ],
            "area": 262.247,
            "segmentation": [
                [
                    574.179,
                    190.003,
                    558.756,
                    190.003,
                    558.756,
                    207.007,
                    574.179,
                    207.007,
                    574.179,
                    190.003
                ]
            ],
            "iscrowd": 0
        },
        {
            "id": 1860,
            "image_id": 4,
            "category_id": 20,
            "bbox": [
                558,
                212,
                16.382,
                17.415
            ],
            "area": 285.288,
            "segmentation": [
                [
                    574.798,
                    211.905,
                    558.415,
                    211.905,
                    558.415,
                    229.32,
                    574.798,
                    229.32,
                    574.798,
                    211.905
                ]
            ],
            "iscrowd": 0
        },
        {
            "id": 1861,
            "image_id": 4,
            "category_id": 56,
            "bbox": [
                466,
                168,
                15.67,
                17.081
            ],
            "area": 267.656,
            "segmentation": [
                [
                    481.622,
                    168.341,
                    465.952,
                    168.341,
                    465.952,
                    185.422,
                    481.622,
                    185.422,
                    481.622,
                    168.341
                ]
            ],
            "iscrowd": 0
        },
        {
            "id": 1862,
            "image_id": 4,
            "category_id": 5,
            "bbox": [
                430,
                191,
                17.656,
                15.871
            ],
            "area": 280.225,
            "segmentation": [
                [
                    447.815,
                    190.725,
                    430.159,
                    190.725,
                    430.159,
                    206.596,
                    447.815,
                    206.596,
                    447.815,
                    190.725
                ]
            ],
            "iscrowd": 0
        },
        {
            "id": 1863,
            "image_id": 4,
            "category_id": 14,
            "bbox": [
                430,
                213,
                16.554,
                16.625
            ],
            "area": 275.201,
            "segmentation": [
                [
                    446.372,
                    212.868,
                    429.818,
                    212.868,
                    429.818,
                    229.492,
                    446.372,
                    229.492,
                    446.372,
                    212.868
                ]
            ],
            "iscrowd": 0
        },
        {
            "id": 1864,
            "image_id": 4,
            "category_id": 61,
            "bbox": [
                540,
                169,
                15.375,
                17.014
            ],
            "area": 261.59,
            "segmentation": [
                [
                    555.421,
                    168.582,
                    540.046,
                    168.582,
                    540.046,
                    185.595,
                    555.421,
                    185.595,
                    555.421,
                    168.582
                ]
            ],
            "iscrowd": 0
        },
        {
            "id": 1865,
            "image_id": 4,
            "category_id": 6,
            "bbox": [
                503,
                191,
                16.167,
                16.214
            ],
            "area": 262.119,
            "segmentation": [
                [
                    518.933,
                    190.965,
                    502.767,
                    190.965,
                    502.767,
                    207.179,
                    518.933,
                    207.179,
                    518.933,
                    190.965
                ]
            ],
            "iscrowd": 0
        },
        {
            "id": 1866,
            "image_id": 4,
            "category_id": 15,
            "bbox": [
                503,
                213,
                15.97,
                16.427
            ],
            "area": 262.351,
            "segmentation": [
                [
                    518.933,
                    212.627,
                    502.963,
                    212.627,
                    502.963,
                    229.055,
                    518.933,
                    229.055,
                    518.933,
                    212.627
                ]
            ],
            "iscrowd": 0
        },
        {
            "id": 1867,
            "image_id": 4,
            "category_id": 7,
            "bbox": [
                577,
                191,
                15.192,
                16.353
            ],
            "area": 248.426,
            "segmentation": [
                [
                    592.113,
                    190.826,
                    576.921,
                    190.826,
                    576.921,
                    207.179,
                    592.113,
                    207.179,
                    592.113,
                    190.826
                ]
            ],
            "iscrowd": 0
        },
        {
            "id": 1868,
            "image_id": 4,
            "category_id": 35,
            "bbox": [
                576,
                213,
                16.079,
                16.865
            ],
            "area": 271.165,
            "segmentation": [
                [
                    592.525,
                    212.628,
                    576.447,
                    212.628,
                    576.447,
                    229.493,
                    592.525,
                    229.493,
                    592.525,
                    212.628
                ]
            ],
            "iscrowd": 0
        }
    ]
}