{
    "image": {
        "id": 34,
        "license": 1,
        "file_name": "-PDF_35_jpg.rf.ee776eba67a2ea617bb1d6d0fdd12e3e.jpg",
        "height": 640,
        "width": 640,
        "date_captured": "2025-04-02T06:21:51+00:00",
        "extra": {
            "name": "-PDF_35.jpg"
        }
    },
    "annotations": [
        {
            "id": 16616,
            "image_id": 34,
            "category_id": 43,
            "bbox": [
                64,
                39,
                14.783,
                15.795
            ],
            "area": 233.5,
            "segmentation": [
                [
                    78.836,
                    38.782,
                    64.053,
                    38.782,
                    64.053,
                    54.577,
                    78.836,
                    54.577,
                    78.836,
                    38.782
                ]
            ],
            "iscrowd": 0
        },
        {
            "id": 16617,
            "image_id": 34,
            "category_id": 61,
            "bbox": [
                46,
                38,
                15.117,
                16.296
            ],
            "area": 246.346,
            "segmentation": [
                [
                    61.536,
                    38.426,
                    46.419,
                    38.426,
                    46.419,
                    54.721,
                    61.536,
                    54.721,
                    61.536,
                    38.426
                ]
            ],
            "iscrowd": 0
        },
        {
            "id": 16618,
            "image_id": 34,
            "category_id": 1,
            "bbox": [
                83,
                39,
                14.357,
                16.105
            ],
            "area": 231.216,
            "segmentation": [
                [
                    97.049,
                    38.544,
                    82.693,
                    38.544,
                    82.693,
                    54.649,
                    97.049,
                    54.649,
                    97.049,
                    38.544
                ]
            ],
            "iscrowd": 0
        },
        {
            "id": 16619,
            "image_id": 34,
            "category_id": 62,
            "bbox": [
                100,
                39,
                14.872,
                15.986
            ],
            "area": 237.745,
            "segmentation": [
                [
                    115.366,
                    38.663,
                    100.494,
                    38.663,
                    100.494,
                    54.65,
                    115.366,
                    54.65,
                    115.366,
                    38.663
                ]
            ],
            "iscrowd": 0
        },
        {
            "id": 16620,
            "image_id": 34,
            "category_id": 49,
            "bbox": [
                119,
                38,
                14.887,
                16.7
            ],
            "area": 248.611,
            "segmentation": [
                [
                    133.682,
                    37.95,
                    118.794,
                    37.95,
                    118.794,
                    54.649,
                    133.682,
                    54.649,
                    133.682,
                    37.95
                ]
            ],
            "iscrowd": 0
        },
        {
            "id": 16621,
            "image_id": 34,
            "category_id": 37,
            "bbox": [
                137,
                38,
                14.553,
                16.199
            ],
            "area": 235.745,
            "segmentation": [
                [
                    151.489,
                    38.307,
                    136.937,
                    38.307,
                    136.937,
                    54.506,
                    151.489,
                    54.506,
                    151.489,
                    38.307
                ]
            ],
            "iscrowd": 0
        },
        {
            "id": 16622,
            "image_id": 34,
            "category_id": 53,
            "bbox": [
                155,
                38,
                14.971,
                16.7
            ],
            "area": 250.012,
            "segmentation": [
                [
                    170.212,
                    37.95,
                    155.241,
                    37.95,
                    155.241,
                    54.649,
                    170.212,
                    54.649,
                    170.212,
                    37.95
                ]
            ],
            "iscrowd": 0
        },
        {
            "id": 16623,
            "image_id": 34,
            "category_id": 62,
            "bbox": [
                192,
                38,
                15.096,
                17.128
            ],
            "area": 258.569,
            "segmentation": [
                [
                    206.947,
                    37.593,
                    191.851,
                    37.593,
                    191.851,
                    54.721,
                    206.947,
                    54.721,
                    206.947,
                    37.593
                ]
            ],
            "iscrowd": 0
        },
        {
            "id": 16624,
            "image_id": 34,
            "category_id": 52,
            "bbox": [
                46,
                60,
                15.245,
                16.223
            ],
            "area": 247.315,
            "segmentation": [
                [
                    60.825,
                    60.167,
                    45.58,
                    60.167,
                    45.58,
                    76.39,
                    60.825,
                    76.39,
                    60.825,
                    60.167
                ]
            ],
            "iscrowd": 0
        },
        {
            "id": 16625,
            "image_id": 34,
            "category_id": 35,
            "bbox": [
                64,
                60,
                15.357,
                16.13
            ],
            "area": 247.706,
            "segmentation": [
                [
                    79.242,
                    60.405,
                    63.884,
                    60.405,
                    63.884,
                    76.534,
                    79.242,
                    76.534,
                    79.242,
                    60.405
                ]
            ],
            "iscrowd": 0
        },
        {
            "id": 16626,
            "image_id": 34,
            "category_id": 51,
            "bbox": [
                82,
                60,
                15.064,
                16.058
            ],
            "area": 241.893,
            "segmentation": [
                [
                    97.253,
                    60.405,
                    82.189,
                    60.405,
                    82.189,
                    76.463,
                    97.253,
                    76.463,
                    97.253,
                    60.405
                ]
            ],
            "iscrowd": 0
        },
        {
            "id": 16627,
            "image_id": 34,
            "category_id": 53,
            "bbox": [
                99,
                60,
                15.879,
                15.841
            ],
            "area": 251.535,
            "segmentation": [
                [
                    115.366,
                    60.405,
                    99.487,
                    60.405,
                    99.487,
                    76.247,
                    115.366,
                    76.247,
                    115.366,
                    60.405
                ]
            ],
            "iscrowd": 0
        },
        {
            "id": 16628,
            "image_id": 34,
            "category_id": 13,
            "bbox": [
                137,
                59,
                15.464,
                16.82
            ],
            "area": 260.111,
            "segmentation": [
                [
                    152.202,
                    59.354,
                    136.738,
                    59.354,
                    136.738,
                    76.174,
                    152.202,
                    76.174,
                    152.202,
                    59.354
                ]
            ],
            "iscrowd": 0
        },
        {
            "id": 16629,
            "image_id": 34,
            "category_id": 50,
            "bbox": [
                155,
                60,
                16.294,
                16.457
            ],
            "area": 268.149,
            "segmentation": [
                [
                    171.536,
                    59.574,
                    155.241,
                    59.574,
                    155.241,
                    76.03,
                    171.536,
                    76.03,
                    171.536,
                    59.574
                ]
            ],
            "iscrowd": 0
        },
        {
            "id": 16630,
            "image_id": 34,
            "category_id": 36,
            "bbox": [
                174,
                60,
                14.139,
                16.554
            ],
            "area": 234.055,
            "segmentation": [
                [
                    188.02,
                    59.692,
                    173.881,
                    59.692,
                    173.881,
                    76.246,
                    188.02,
                    76.246,
                    188.02,
                    59.692
                ]
            ],
            "iscrowd": 0
        },
        {
            "id": 16631,
            "image_id": 34,
            "category_id": 35,
            "bbox": [
                192,
                59,
                15.671,
                16.432
            ],
            "area": 257.503,
            "segmentation": [
                [
                    207.353,
                    59.454,
                    191.682,
                    59.454,
                    191.682,
                    75.886,
                    207.353,
                    75.886,
                    207.353,
                    59.454
                ]
            ],
            "iscrowd": 0
        },
        {
            "id": 16632,
            "image_id": 34,
            "category_id": 40,
            "bbox": [
                210,
                38,
                15.086,
                16.214
            ],
            "area": 244.601,
            "segmentation": [
                [
                    225.41,
                    37.594,
                    210.324,
                    37.594,
                    210.324,
                    53.807,
                    225.41,
                    53.807,
                    225.41,
                    37.594
                ]
            ],
            "iscrowd": 0
        },
        {
            "id": 16633,
            "image_id": 34,
            "category_id": 51,
            "bbox": [
                210,
                59,
                15.356,
                16.022
            ],
            "area": 246.03,
            "segmentation": [
                [
                    225.512,
                    59.455,
                    210.156,
                    59.455,
                    210.156,
                    75.477,
                    225.512,
                    75.477,
                    225.512,
                    59.455
                ]
            ],
            "iscrowd": 0
        },
        {
            "id": 16634,
            "image_id": 34,
            "category_id": 36,
            "bbox": [
                229,
                37,
                14.65,
                16.451
            ],
            "area": 241.006,
            "segmentation": [
                [
                    243.522,
                    37.428,
                    228.872,
                    37.428,
                    228.872,
                    53.879,
                    243.522,
                    53.879,
                    243.522,
                    37.428
                ]
            ],
            "iscrowd": 0
        },
        {
            "id": 16635,
            "image_id": 34,
            "category_id": 9,
            "bbox": [
                247,
                37,
                15.557,
                16.078
            ],
            "area": 250.124,
            "segmentation": [
                [
                    262.551,
                    37.357,
                    246.994,
                    37.357,
                    246.994,
                    53.434,
                    262.551,
                    53.434,
                    262.551,
                    37.357
                ]
            ],
            "iscrowd": 0
        },
        {
            "id": 16636,
            "image_id": 34,
            "category_id": 31,
            "bbox": [
                265,
                37,
                15.014,
                16.32
            ],
            "area": 245.02,
            "segmentation": [
                [
                    280.257,
                    37.475,
                    265.243,
                    37.475,
                    265.243,
                    53.795,
                    280.257,
                    53.795,
                    280.257,
                    37.475
                ]
            ],
            "iscrowd": 0
        },
        {
            "id": 16637,
            "image_id": 34,
            "category_id": 1,
            "bbox": [
                284,
                38,
                14.659,
                15.984
            ],
            "area": 234.313,
            "segmentation": [
                [
                    298.369,
                    37.593,
                    283.711,
                    37.593,
                    283.711,
                    53.578,
                    298.369,
                    53.578,
                    298.369,
                    37.593
                ]
            ],
            "iscrowd": 0
        },
        {
            "id": 16638,
            "image_id": 34,
            "category_id": 53,
            "bbox": [
                301,
                38,
                15.271,
                15.721
            ],
            "area": 240.077,
            "segmentation": [
                [
                    316.278,
                    37.713,
                    301.008,
                    37.713,
                    301.008,
                    53.434,
                    316.278,
                    53.434,
                    316.278,
                    37.713
                ]
            ],
            "iscrowd": 0
        },
        {
            "id": 16639,
            "image_id": 34,
            "category_id": 15,
            "bbox": [
                356,
                37,
                15.309,
                16.268
            ],
            "area": 249.061,
            "segmentation": [
                [
                    371.736,
                    37.237,
                    356.426,
                    37.237,
                    356.426,
                    53.506,
                    371.736,
                    53.506,
                    371.736,
                    37.237
                ]
            ],
            "iscrowd": 0
        },
        {
            "id": 16640,
            "image_id": 34,
            "category_id": 62,
            "bbox": [
                338,
                37,
                15.161,
                16.222
            ],
            "area": 245.94,
            "segmentation": [
                [
                    353.115,
                    37.356,
                    337.954,
                    37.356,
                    337.954,
                    53.578,
                    353.115,
                    53.578,
                    353.115,
                    37.356
                ]
            ],
            "iscrowd": 0
        },
        {
            "id": 16641,
            "image_id": 34,
            "category_id": 5,
            "bbox": [
                228,
                60,
                16.208,
                16.012
            ],
            "area": 259.518,
            "segmentation": [
                [
                    243.829,
                    59.811,
                    227.621,
                    59.811,
                    227.621,
                    75.823,
                    243.829,
                    75.823,
                    243.829,
                    59.811
                ]
            ],
            "iscrowd": 0
        },
        {
            "id": 16642,
            "image_id": 34,
            "category_id": 26,
            "bbox": [
                246,
                60,
                15.613,
                16.275
            ],
            "area": 254.096,
            "segmentation": [
                [
                    262.042,
                    59.692,
                    246.429,
                    59.692,
                    246.429,
                    75.967,
                    262.042,
                    75.967,
                    262.042,
                    59.692
                ]
            ],
            "iscrowd": 0
        },
        {
            "id": 16643,
            "image_id": 34,
            "category_id": 36,
            "bbox": [
                265,
                59,
                15.695,
                16.631
            ],
            "area": 261.03,
            "segmentation": [
                [
                    280.765,
                    59.336,
                    265.07,
                    59.336,
                    265.07,
                    75.967,
                    280.765,
                    75.967,
                    280.765,
                    59.336
                ]
            ],
            "iscrowd": 0
        },
        {
            "id": 16644,
            "image_id": 34,
            "category_id": 53,
            "bbox": [
                282,
                60,
                15.814,
                16.321
            ],
            "area": 258.11,
            "segmentation": [
                [
                    298.268,
                    59.861,
                    282.454,
                    59.861,
                    282.454,
                    76.183,
                    298.268,
                    76.183,
                    298.268,
                    59.861
                ]
            ],
            "iscrowd": 0
        },
        {
            "id": 16645,
            "image_id": 34,
            "category_id": 27,
            "bbox": [
                320,
                59,
                15.388,
                16.318
            ],
            "area": 251.101,
            "segmentation": [
                [
                    335.205,
                    59.217,
                    319.817,
                    59.217,
                    319.817,
                    75.535,
                    335.205,
                    75.535,
                    335.205,
                    59.217
                ]
            ],
            "iscrowd": 0
        },
        {
            "id": 16646,
            "image_id": 34,
            "category_id": 36,
            "bbox": [
                338,
                59,
                15.13,
                16.368
            ],
            "area": 247.648,
            "segmentation": [
                [
                    353.419,
                    59.454,
                    338.289,
                    59.454,
                    338.289,
                    75.822,
                    353.419,
                    75.822,
                    353.419,
                    59.454
                ]
            ],
            "iscrowd": 0
        },
        {
            "id": 16647,
            "image_id": 34,
            "category_id": 61,
            "bbox": [
                356,
                59,
                15.686,
                16.609
            ],
            "area": 260.536,
            "segmentation": [
                [
                    371.533,
                    59.358,
                    355.847,
                    59.358,
                    355.847,
                    75.967,
                    371.533,
                    75.967,
                    371.533,
                    59.358
                ]
            ],
            "iscrowd": 0
        },
        {
            "id": 16648,
            "image_id": 34,
            "category_id": 36,
            "bbox": [
                375,
                37,
                13.957,
                16.234
            ],
            "area": 226.568,
            "segmentation": [
                [
                    388.688,
                    37.237,
                    374.732,
                    37.237,
                    374.732,
                    53.471,
                    388.688,
                    53.471,
                    388.688,
                    37.237
                ]
            ],
            "iscrowd": 0
        },
        {
            "id": 16649,
            "image_id": 34,
            "category_id": 30,
            "bbox": [
                375,
                60,
                15.147,
                15.855
            ],
            "area": 240.149,
            "segmentation": [
                [
                    390.214,
                    59.573,
                    375.067,
                    59.573,
                    375.067,
                    75.428,
                    390.214,
                    75.428,
                    390.214,
                    59.573
                ]
            ],
            "iscrowd": 0
        },
        {
            "id": 16650,
            "image_id": 34,
            "category_id": 8,
            "bbox": [
                393,
                37,
                15.122,
                16.133
            ],
            "area": 243.972,
            "segmentation": [
                [
                    408.327,
                    36.762,
                    393.204,
                    36.762,
                    393.204,
                    52.895,
                    408.327,
                    52.895,
                    408.327,
                    36.762
                ]
            ],
            "iscrowd": 0
        },
        {
            "id": 16651,
            "image_id": 34,
            "category_id": 1,
            "bbox": [
                393,
                60,
                14.446,
                16.287
            ],
            "area": 235.276,
            "segmentation": [
                [
                    407.818,
                    59.574,
                    393.372,
                    59.574,
                    393.372,
                    75.86,
                    407.818,
                    75.86,
                    407.818,
                    59.574
                ]
            ],
            "iscrowd": 0
        },
        {
            "id": 16652,
            "image_id": 34,
            "category_id": 25,
            "bbox": [
                411,
                37,
                14.997,
                16.086
            ],
            "area": 241.24,
            "segmentation": [
                [
                    426.338,
                    36.881,
                    411.341,
                    36.881,
                    411.341,
                    52.967,
                    426.338,
                    52.967,
                    426.338,
                    36.881
                ]
            ],
            "iscrowd": 0
        },
        {
            "id": 16653,
            "image_id": 34,
            "category_id": 36,
            "bbox": [
                430,
                37,
                14.331,
                16.302
            ],
            "area": 233.627,
            "segmentation": [
                [
                    444.144,
                    36.881,
                    429.813,
                    36.881,
                    429.813,
                    53.183,
                    444.144,
                    53.183,
                    444.144,
                    36.881
                ]
            ],
            "iscrowd": 0
        },
        {
            "id": 16654,
            "image_id": 34,
            "category_id": 57,
            "bbox": [
                412,
                60,
                13.949,
                16.121
            ],
            "area": 224.863,
            "segmentation": [
                [
                    425.626,
                    59.811,
                    411.677,
                    59.811,
                    411.677,
                    75.932,
                    425.626,
                    75.932,
                    425.626,
                    59.811
                ]
            ],
            "iscrowd": 0
        },
        {
            "id": 16655,
            "image_id": 34,
            "category_id": 37,
            "bbox": [
                430,
                60,
                14.637,
                15.616
            ],
            "area": 228.576,
            "segmentation": [
                [
                    444.451,
                    59.811,
                    429.814,
                    59.811,
                    429.814,
                    75.427,
                    444.451,
                    75.427,
                    444.451,
                    59.811
                ]
            ],
            "iscrowd": 0
        },
        {
            "id": 16656,
            "image_id": 34,
            "category_id": 53,
            "bbox": [
                447,
                37,
                15.823,
                16.302
            ],
            "area": 257.954,
            "segmentation": [
                [
                    462.766,
                    36.881,
                    446.943,
                    36.881,
                    446.943,
                    53.183,
                    462.766,
                    53.183,
                    462.766,
                    36.881
                ]
            ],
            "iscrowd": 0
        },
        {
            "id": 16657,
            "image_id": 34,
            "category_id": 4,
            "bbox": [
                484,
                37,
                15.378,
                16.395
            ],
            "area": 252.126,
            "segmentation": [
                [
                    499.602,
                    36.643,
                    484.224,
                    36.643,
                    484.224,
                    53.039,
                    499.602,
                    53.039,
                    499.602,
                    36.643
                ]
            ],
            "iscrowd": 0
        },
        {
            "id": 16658,
            "image_id": 34,
            "category_id": 63,
            "bbox": [
                502,
                36,
                15.256,
                16.443
            ],
            "area": 250.861,
            "segmentation": [
                [
                    517.613,
                    36.453,
                    502.357,
                    36.453,
                    502.357,
                    52.895,
                    517.613,
                    52.895,
                    517.613,
                    36.453
                ]
            ],
            "iscrowd": 0
        },
        {
            "id": 16659,
            "image_id": 34,
            "category_id": 51,
            "bbox": [
                521,
                37,
                14.841,
                16.144
            ],
            "area": 239.595,
            "segmentation": [
                [
                    535.843,
                    36.524,
                    521.002,
                    36.524,
                    521.002,
                    52.668,
                    535.843,
                    52.668,
                    535.843,
                    36.524
                ]
            ],
            "iscrowd": 0
        },
        {
            "id": 16660,
            "image_id": 34,
            "category_id": 2,
            "bbox": [
                539,
                37,
                15.899,
                16.317
            ],
            "area": 259.427,
            "segmentation": [
                [
                    554.667,
                    36.712,
                    538.768,
                    36.712,
                    538.768,
                    53.029,
                    554.667,
                    53.029,
                    554.667,
                    36.712
                ]
            ],
            "iscrowd": 0
        },
        {
            "id": 16661,
            "image_id": 34,
            "category_id": 46,
            "bbox": [
                558,
                36,
                14.721,
                16.554
            ],
            "area": 243.693,
            "segmentation": [
                [
                    572.679,
                    36.258,
                    557.958,
                    36.258,
                    557.958,
                    52.812,
                    572.679,
                    52.812,
                    572.679,
                    36.258
                ]
            ],
            "iscrowd": 0
        },
        {
            "id": 16662,
            "image_id": 34,
            "category_id": 37,
            "bbox": [
                576,
                37,
                14.783,
                16.144
            ],
            "area": 238.657,
            "segmentation": [
                [
                    590.384,
                    36.524,
                    575.601,
                    36.524,
                    575.601,
                    52.668,
                    590.384,
                    52.668,
                    590.384,
                    36.524
                ]
            ],
            "iscrowd": 0
        }
    ]
}