{
    "image": {
        "id": 48,
        "license": 1,
        "file_name": "-PDF_46_jpg.rf.dc2a28dba5562ef122772451d4f623d6.jpg",
        "height": 640,
        "width": 640,
        "date_captured": "2025-04-02T06:21:51+00:00",
        "extra": {
            "name": "-PDF_46.jpg"
        }
    },
    "annotations": [
        {
            "id": 23073,
            "image_id": 48,
            "category_id": 11,
            "bbox": [
                103,
                40,
                14.883,
                16.532
            ],
            "area": 246.059,
            "segmentation": [
                [
                    118.146,
                    40.011,
                    103.262,
                    40.011,
                    103.262,
                    56.544,
                    118.146,
                    56.544,
                    118.146,
                    40.011
                ]
            ],
            "iscrowd": 0
        },
        {
            "id": 23074,
            "image_id": 48,
            "category_id": 15,
            "bbox": [
                121,
                40,
                15.114,
                16.607
            ],
            "area": 251.011,
            "segmentation": [
                [
                    136.611,
                    40.365,
                    121.496,
                    40.365,
                    121.496,
                    56.972,
                    136.611,
                    56.972,
                    136.611,
                    40.365
                ]
            ],
            "iscrowd": 0
        },
        {
            "id": 23075,
            "image_id": 48,
            "category_id": 1,
            "bbox": [
                140,
                40,
                14.49,
                16.5
            ],
            "area": 239.087,
            "segmentation": [
                [
                    154.471,
                    40.365,
                    139.981,
                    40.365,
                    139.981,
                    56.866,
                    154.471,
                    56.866,
                    154.471,
                    40.365
                ]
            ],
            "iscrowd": 0
        },
        {
            "id": 23076,
            "image_id": 48,
            "category_id": 53,
            "bbox": [
                158,
                40,
                15.068,
                16.5
            ],
            "area": 248.629,
            "segmentation": [
                [
                    172.632,
                    40.365,
                    157.564,
                    40.365,
                    157.564,
                    56.866,
                    172.632,
                    56.866,
                    172.632,
                    40.365
                ]
            ],
            "iscrowd": 0
        },
        {
            "id": 23077,
            "image_id": 48,
            "category_id": 27,
            "bbox": [
                213,
                41,
                14.406,
                16.259
            ],
            "area": 234.229,
            "segmentation": [
                [
                    227.572,
                    41.248,
                    213.166,
                    41.248,
                    213.166,
                    57.508,
                    227.572,
                    57.508,
                    227.572,
                    41.248
                ]
            ],
            "iscrowd": 0
        },
        {
            "id": 23078,
            "image_id": 48,
            "category_id": 61,
            "bbox": [
                195,
                41,
                14.833,
                16.222
            ],
            "area": 240.621,
            "segmentation": [
                [
                    209.561,
                    41.072,
                    194.728,
                    41.072,
                    194.728,
                    57.294,
                    209.561,
                    57.294,
                    209.561,
                    41.072
                ]
            ],
            "iscrowd": 0
        },
        {
            "id": 23079,
            "image_id": 48,
            "category_id": 1,
            "bbox": [
                232,
                42,
                13.675,
                16.013
            ],
            "area": 218.978,
            "segmentation": [
                [
                    245.583,
                    41.602,
                    231.908,
                    41.602,
                    231.908,
                    57.615,
                    245.583,
                    57.615,
                    245.583,
                    41.602
                ]
            ],
            "iscrowd": 0
        },
        {
            "id": 23080,
            "image_id": 48,
            "category_id": 9,
            "bbox": [
                250,
                42,
                15.472,
                16.121
            ],
            "area": 249.418,
            "segmentation": [
                [
                    265.107,
                    41.602,
                    249.635,
                    41.602,
                    249.635,
                    57.722,
                    265.107,
                    57.722,
                    265.107,
                    41.602
                ]
            ],
            "iscrowd": 0
        },
        {
            "id": 23081,
            "image_id": 48,
            "category_id": 9,
            "bbox": [
                285,
                42,
                15.472,
                16.409
            ],
            "area": 253.883,
            "segmentation": [
                [
                    300.826,
                    41.955,
                    285.354,
                    41.955,
                    285.354,
                    58.364,
                    300.826,
                    58.364,
                    300.826,
                    41.955
                ]
            ],
            "iscrowd": 0
        },
        {
            "id": 23082,
            "image_id": 48,
            "category_id": 43,
            "bbox": [
                304,
                42,
                15.053,
                16.907
            ],
            "area": 254.491,
            "segmentation": [
                [
                    319.14,
                    41.779,
                    304.087,
                    41.779,
                    304.087,
                    58.685,
                    319.14,
                    58.685,
                    319.14,
                    41.779
                ]
            ],
            "iscrowd": 0
        },
        {
            "id": 23083,
            "image_id": 48,
            "category_id": 37,
            "bbox": [
                322,
                42,
                14.526,
                16.409
            ],
            "area": 238.357,
            "segmentation": [
                [
                    336.846,
                    41.955,
                    322.32,
                    41.955,
                    322.32,
                    58.364,
                    336.846,
                    58.364,
                    336.846,
                    41.955
                ]
            ],
            "iscrowd": 0
        },
        {
            "id": 23084,
            "image_id": 48,
            "category_id": 62,
            "bbox": [
                341,
                42,
                14.961,
                16.056
            ],
            "area": 240.207,
            "segmentation": [
                [
                    355.765,
                    42.309,
                    340.805,
                    42.309,
                    340.805,
                    58.365,
                    355.765,
                    58.365,
                    355.765,
                    42.309
                ]
            ],
            "iscrowd": 0
        },
        {
            "id": 23085,
            "image_id": 48,
            "category_id": 47,
            "bbox": [
                66,
                62,
                14.816,
                15.57
            ],
            "area": 230.688,
            "segmentation": [
                [
                    81.066,
                    61.747,
                    66.25,
                    61.747,
                    66.25,
                    77.317,
                    81.066,
                    77.317,
                    81.066,
                    61.747
                ]
            ],
            "iscrowd": 0
        },
        {
            "id": 23086,
            "image_id": 48,
            "category_id": 14,
            "bbox": [
                84,
                62,
                14.448,
                15.832
            ],
            "area": 228.747,
            "segmentation": [
                [
                    98.773,
                    61.747,
                    84.325,
                    61.747,
                    84.325,
                    77.579,
                    98.773,
                    77.579,
                    98.773,
                    61.747
                ]
            ],
            "iscrowd": 0
        },
        {
            "id": 23087,
            "image_id": 48,
            "category_id": 51,
            "bbox": [
                103,
                62,
                15.081,
                15.8
            ],
            "area": 238.279,
            "segmentation": [
                [
                    117.844,
                    62.101,
                    102.763,
                    62.101,
                    102.763,
                    77.901,
                    117.844,
                    77.901,
                    117.844,
                    62.101
                ]
            ],
            "iscrowd": 0
        },
        {
            "id": 23088,
            "image_id": 48,
            "category_id": 62,
            "bbox": [
                120,
                62,
                14.903,
                15.623
            ],
            "area": 232.824,
            "segmentation": [
                [
                    135.4,
                    62.277,
                    120.497,
                    62.277,
                    120.497,
                    77.9,
                    135.4,
                    77.9,
                    135.4,
                    62.277
                ]
            ],
            "iscrowd": 0
        },
        {
            "id": 23089,
            "image_id": 48,
            "category_id": 19,
            "bbox": [
                139,
                62,
                15.285,
                16.196
            ],
            "area": 247.559,
            "segmentation": [
                [
                    154.016,
                    62.454,
                    138.731,
                    62.454,
                    138.731,
                    78.651,
                    154.016,
                    78.651,
                    154.016,
                    62.454
                ]
            ],
            "iscrowd": 0
        },
        {
            "id": 23090,
            "image_id": 48,
            "category_id": 36,
            "bbox": [
                157,
                62,
                14.713,
                16.196
            ],
            "area": 238.297,
            "segmentation": [
                [
                    172.178,
                    62.454,
                    157.465,
                    62.454,
                    157.465,
                    78.651,
                    172.178,
                    78.651,
                    172.178,
                    62.454
                ]
            ],
            "iscrowd": 0
        },
        {
            "id": 23091,
            "image_id": 48,
            "category_id": 4,
            "bbox": [
                175,
                62,
                14.384,
                16.196
            ],
            "area": 232.966,
            "segmentation": [
                [
                    189.583,
                    62.454,
                    175.199,
                    62.454,
                    175.199,
                    78.651,
                    189.583,
                    78.651,
                    189.583,
                    62.454
                ]
            ],
            "iscrowd": 0
        },
        {
            "id": 23092,
            "image_id": 48,
            "category_id": 49,
            "bbox": [
                193,
                63,
                15.932,
                16.201
            ],
            "area": 258.106,
            "segmentation": [
                [
                    208.957,
                    62.77,
                    193.025,
                    62.77,
                    193.025,
                    78.971,
                    208.957,
                    78.971,
                    208.957,
                    62.77
                ]
            ],
            "iscrowd": 0
        },
        {
            "id": 23093,
            "image_id": 48,
            "category_id": 16,
            "bbox": [
                359,
                42,
                14.668,
                16.639
            ],
            "area": 244.062,
            "segmentation": [
                [
                    373.957,
                    42.485,
                    359.289,
                    42.485,
                    359.289,
                    59.124,
                    373.957,
                    59.124,
                    373.957,
                    42.485
                ]
            ],
            "iscrowd": 0
        },
        {
            "id": 23094,
            "image_id": 48,
            "category_id": 51,
            "bbox": [
                378,
                42,
                14.852,
                16.853
            ],
            "area": 250.308,
            "segmentation": [
                [
                    392.875,
                    42.486,
                    378.022,
                    42.486,
                    378.022,
                    59.339,
                    392.875,
                    59.339,
                    392.875,
                    42.486
                ]
            ],
            "iscrowd": 0
        },
        {
            "id": 23095,
            "image_id": 48,
            "category_id": 29,
            "bbox": [
                414,
                44,
                15.156,
                16.114
            ],
            "area": 244.223,
            "segmentation": [
                [
                    428.896,
                    43.546,
                    413.74,
                    43.546,
                    413.74,
                    59.66,
                    428.896,
                    59.66,
                    428.896,
                    43.546
                ]
            ],
            "iscrowd": 0
        },
        {
            "id": 23096,
            "image_id": 48,
            "category_id": 36,
            "bbox": [
                433,
                44,
                14.235,
                16.542
            ],
            "area": 235.489,
            "segmentation": [
                [
                    447.209,
                    43.545,
                    432.973,
                    43.545,
                    432.973,
                    60.088,
                    447.209,
                    60.088,
                    447.209,
                    43.545
                ]
            ],
            "iscrowd": 0
        },
        {
            "id": 23097,
            "image_id": 48,
            "category_id": 34,
            "bbox": [
                451,
                44,
                14.868,
                16.58
            ],
            "area": 246.509,
            "segmentation": [
                [
                    465.825,
                    43.722,
                    450.957,
                    43.722,
                    450.957,
                    60.302,
                    465.825,
                    60.302,
                    465.825,
                    43.722
                ]
            ],
            "iscrowd": 0
        },
        {
            "id": 23098,
            "image_id": 48,
            "category_id": 33,
            "bbox": [
                469,
                44,
                15.197,
                16.157
            ],
            "area": 245.541,
            "segmentation": [
                [
                    484.139,
                    44.252,
                    468.942,
                    44.252,
                    468.942,
                    60.409,
                    484.139,
                    60.409,
                    484.139,
                    44.252
                ]
            ],
            "iscrowd": 0
        },
        {
            "id": 23099,
            "image_id": 48,
            "category_id": 34,
            "bbox": [
                506,
                44,
                15.151,
                16.226
            ],
            "area": 245.841,
            "segmentation": [
                [
                    520.916,
                    44.076,
                    505.766,
                    44.076,
                    505.766,
                    60.302,
                    520.916,
                    60.302,
                    520.916,
                    44.076
                ]
            ],
            "iscrowd": 0
        }
    ]
}